-- MySQL dump 10.13  Distrib 8.0.16, for Win64 (x86_64)
--
-- Host: localhost    Database: myoffice
-- ------------------------------------------------------
-- Server version	8.0.16

/*!40101 SET @OLD_CHARACTER_SET_CLIENT=@@CHARACTER_SET_CLIENT */;
/*!40101 SET @OLD_CHARACTER_SET_RESULTS=@@CHARACTER_SET_RESULTS */;
/*!40101 SET @OLD_COLLATION_CONNECTION=@@COLLATION_CONNECTION */;
 SET NAMES utf8 ;
/*!40103 SET @OLD_TIME_ZONE=@@TIME_ZONE */;
/*!40103 SET TIME_ZONE='+00:00' */;
/*!40014 SET @OLD_UNIQUE_CHECKS=@@UNIQUE_CHECKS, UNIQUE_CHECKS=0 */;
/*!40014 SET @OLD_FOREIGN_KEY_CHECKS=@@FOREIGN_KEY_CHECKS, FOREIGN_KEY_CHECKS=0 */;
/*!40101 SET @OLD_SQL_MODE=@@SQL_MODE, SQL_MODE='NO_AUTO_VALUE_ON_ZERO' */;
/*!40111 SET @OLD_SQL_NOTES=@@SQL_NOTES, SQL_NOTES=0 */;

--
-- Table structure for table `accessoryfile`
--

DROP TABLE IF EXISTS `accessoryfile`;
/*!40101 SET @saved_cs_client     = @@character_set_client */;
 SET character_set_client = utf8mb4 ;
CREATE TABLE `accessoryfile` (
  `accessoryId` bigint(20) NOT NULL AUTO_INCREMENT COMMENT '文件附件id',
  `fileId` bigint(20) NOT NULL COMMENT '文件id',
  `accessoryName` varchar(50) NOT NULL COMMENT '附件名称',
  `accessorySize` int(11) NOT NULL COMMENT '附件大小',
  `accessoryTypeId` bigint(20) NOT NULL COMMENT '附件类型（外-filetypeid）',
  `createDate` datetime NOT NULL COMMENT '创建日期',
  `accessoryPath` varchar(200) NOT NULL COMMENT '附件路径',
  `ifDelete` int(1) NOT NULL DEFAULT '0',
  `createUserId` bigint(20) NOT NULL,
  `remark` varchar(45) DEFAULT NULL,
  PRIMARY KEY (`accessoryId`)
) ENGINE=InnoDB AUTO_INCREMENT=14122248810004481 DEFAULT CHARSET=utf8;
/*!40101 SET character_set_client = @saved_cs_client */;

--
-- Dumping data for table `accessoryfile`
--

LOCK TABLES `accessoryfile` WRITE;
/*!40000 ALTER TABLE `accessoryfile` DISABLE KEYS */;
INSERT INTO `accessoryfile` VALUES (14054614391324672,13347729828741120,'附件1',1815837,2458562466938880,'2019-09-29 11:37:48','C:\\文件管理\\文件夹111\\附件1.jpg',0,6845764974149632,'附件1备注'),(14122248810004480,13347729828741120,'IMG_20160831_211350',1861856,2458562466938880,'2019-09-29 16:06:33','C:\\文件管理\\string\\IMG_20160831_211350.jpg',0,6845764974149632,NULL);
/*!40000 ALTER TABLE `accessoryfile` ENABLE KEYS */;
UNLOCK TABLES;

--
-- Table structure for table `branch`
--

DROP TABLE IF EXISTS `branch`;
/*!40101 SET @saved_cs_client     = @@character_set_client */;
 SET character_set_client = utf8mb4 ;
CREATE TABLE `branch` (
  `branchId` bigint(20) unsigned NOT NULL,
  `branchName` varchar(64) CHARACTER SET utf8 COLLATE utf8_general_ci NOT NULL DEFAULT '',
  `branchShortName` varchar(16) CHARACTER SET utf8 COLLATE utf8_general_ci NOT NULL DEFAULT '',
  PRIMARY KEY (`branchId`)
) ENGINE=InnoDB DEFAULT CHARSET=utf8mb4 COLLATE=utf8mb4_general_ci;
/*!40101 SET character_set_client = @saved_cs_client */;

--
-- Dumping data for table `branch`
--

LOCK TABLES `branch` WRITE;
/*!40000 ALTER TABLE `branch` DISABLE KEYS */;
INSERT INTO `branch` VALUES (4709478423330816,'诺克萨斯','诺克'),(4709597210214400,'疾风剑豪','亚索'),(4722022584156160,'德玛西亚之力-盖伦','德玛'),(4789652376518656,'Customer System Development','CSD'),(6993982382931968,'光学研究院','光研'),(6994110330175488,'力学研究院','力研');
/*!40000 ALTER TABLE `branch` ENABLE KEYS */;
UNLOCK TABLES;

--
-- Table structure for table `department`
--

DROP TABLE IF EXISTS `department`;
/*!40101 SET @saved_cs_client     = @@character_set_client */;
 SET character_set_client = utf8mb4 ;
CREATE TABLE `department` (
  `departmentId` bigint(20) unsigned NOT NULL,
  `departmentName` varchar(16) CHARACTER SET utf8 COLLATE utf8_general_ci NOT NULL DEFAULT '',
  `connectPhone` char(11) CHARACTER SET utf8mb4 COLLATE utf8mb4_general_ci NOT NULL DEFAULT '',
  `connectTelephone` char(11) CHARACTER SET utf8mb4 COLLATE utf8mb4_general_ci NOT NULL DEFAULT '',
  `principalUserId` bigint(20) unsigned NOT NULL,
  `branchId` bigint(20) unsigned NOT NULL,
  PRIMARY KEY (`departmentId`)
) ENGINE=InnoDB DEFAULT CHARSET=utf8mb4 COLLATE=utf8mb4_general_ci;
/*!40101 SET character_set_client = @saved_cs_client */;

--
-- Dumping data for table `department`
--

LOCK TABLES `department` WRITE;
/*!40000 ALTER TABLE `department` DISABLE KEYS */;
INSERT INTO `department` VALUES (4717381758746624,'财政部门','18526325350','0086001',4715897054822400,4709597210214400),(4718641199185920,'后勤部门','18526325350','0086001',4715897054822400,4709597210214400),(4718661759664128,'人事部门','18526325350','0086001',4715897054822400,4709597210214400),(4718712607211520,'行政部门','18526325350','0086001',4715897054822400,4709597210214400);
/*!40000 ALTER TABLE `department` ENABLE KEYS */;
UNLOCK TABLES;

--
-- Table structure for table `fileinfo`
--

DROP TABLE IF EXISTS `fileinfo`;
/*!40101 SET @saved_cs_client     = @@character_set_client */;
 SET character_set_client = utf8mb4 ;
CREATE TABLE `fileinfo` (
  `fileId` bigint(20) NOT NULL AUTO_INCREMENT COMMENT '文件id',
  `fileName` varchar(50) DEFAULT NULL COMMENT '文件名称',
  `fileType` bigint(20) NOT NULL COMMENT '文件类型（外-filetypeinfo-fileTypeId）',
  `remark` varchar(50) DEFAULT NULL COMMENT '备注',
  `fileOwner` bigint(20) NOT NULL COMMENT '创建者',
  `updateDate` datetime DEFAULT NULL,
  `updateUserId` bigint(20) DEFAULT NULL,
  `parentId` bigint(20) NOT NULL COMMENT '父节点id',
  `filePath` varchar(200) NOT NULL COMMENT '文件路径',
  `ifDelete` int(1) NOT NULL DEFAULT '0' COMMENT '是否删除（1：已删；2：未删）',
  `createDate` datetime NOT NULL COMMENT '创建日期',
  PRIMARY KEY (`fileId`)
) ENGINE=InnoDB AUTO_INCREMENT=14233375619416065 DEFAULT CHARSET=utf8;
/*!40101 SET character_set_client = @saved_cs_client */;

--
-- Dumping data for table `fileinfo`
--

LOCK TABLES `fileinfo` WRITE;
/*!40000 ALTER TABLE `fileinfo` DISABLE KEYS */;
INSERT INTO `fileinfo` VALUES (273734225100800,'文件管理',2458562643099648,'文件管理根目录',6845764974149632,'2019-08-23 15:05:31',6845764974149632,0,'C:\\\\文件管理',0,'2019-08-23 15:05:31'),(13347729828741120,'string',2458562643099648,'string',6845764974149632,'2019-09-29 16:06:42',6845764974149632,273734225100800,'C:\\\\文件管理\\\\string',0,'2019-09-27 12:48:53'),(14233375619416064,'string-1',2458562643099648,'string-1',6845764974149632,NULL,NULL,13347729828741120,'C:\\\\文件管理\\\\string\\\\string-1',0,'2019-09-29 23:28:08');
/*!40000 ALTER TABLE `fileinfo` ENABLE KEYS */;
UNLOCK TABLES;

--
-- Table structure for table `filetype`
--

DROP TABLE IF EXISTS `filetype`;
/*!40101 SET @saved_cs_client     = @@character_set_client */;
 SET character_set_client = utf8mb4 ;
CREATE TABLE `filetype` (
  `filetypeId` bigint(20) NOT NULL AUTO_INCREMENT COMMENT '文件类型id',
  `filetypeName` varchar(50) NOT NULL COMMENT '文件类型名',
  `filetypeImage` varchar(50) NOT NULL COMMENT '文件类型对应的图标',
  `filetypeSuffix` varchar(50) DEFAULT NULL COMMENT '文件类型后缀',
  PRIMARY KEY (`filetypeId`)
) ENGINE=InnoDB AUTO_INCREMENT=2458562643099649 DEFAULT CHARSET=utf8;
/*!40101 SET character_set_client = @saved_cs_client */;

--
-- Dumping data for table `filetype`
--

LOCK TABLES `filetype` WRITE;
/*!40000 ALTER TABLE `filetype` DISABLE KEYS */;
INSERT INTO `filetype` VALUES (2458559249907712,'Excel文档','classpath:/file_type_icons/excel.png','xls'),(2458562408218624,'Excel文档','classpath:/file_type_icons/excel.png','xlsx'),(2458562450161664,'其它','classpath:/file_type_icons/file.png','*'),(2458562466938880,'图片','classpath:/file_type_icons/jpg.png','jpg'),(2458562479521792,'PDF文档','classpath:/file_type_icons/pdf.png','pdf'),(2458562496299008,'图片','classpath:/file_type_icons/png.png','png'),(2458562521464832,'PPT文档','classpath:/file_type_icons/ppt.png','ppt'),(2458562538242048,'纯文本文档','classpath:/file_type_icons/txt.png','txt'),(2458562555019264,'Word文档','classpath:/file_type_icons/word.png','doc'),(2458562575990784,'Word文档','classpath:/file_type_icons/word.png','docx'),(2458562584379392,'压缩包','classpath:/file_type_icons/zip.png','zip'),(2458562613739520,'压缩包','classpath:/file_type_icons/zip.png','rar'),(2458562630516736,'压缩包','classpath:/file_type_icons/zip.png','7z'),(2458562643099648,'文件夹','classpath:/file_type_icons/folder.png','');
/*!40000 ALTER TABLE `filetype` ENABLE KEYS */;
UNLOCK TABLES;

--
-- Table structure for table `loginlog`
--

DROP TABLE IF EXISTS `loginlog`;
/*!40101 SET @saved_cs_client     = @@character_set_client */;
 SET character_set_client = utf8mb4 ;
CREATE TABLE `loginlog` (
  `loginId` bigint(20) unsigned NOT NULL,
  `isSuccess` tinyint(4) NOT NULL DEFAULT '0',
  `loginUserId` bigint(20) unsigned DEFAULT NULL,
  `loginTime` datetime NOT NULL DEFAULT CURRENT_TIMESTAMP,
  `loginIp` varchar(16) NOT NULL DEFAULT '',
  `loginDesc` varchar(255) CHARACTER SET utf8 COLLATE utf8_general_ci NOT NULL DEFAULT '',
  PRIMARY KEY (`loginId`)
) ENGINE=InnoDB DEFAULT CHARSET=utf8mb4 COLLATE=utf8mb4_0900_ai_ci;
/*!40101 SET character_set_client = @saved_cs_client */;

--
-- Dumping data for table `loginlog`
--

LOCK TABLES `loginlog` WRITE;
/*!40000 ALTER TABLE `loginlog` DISABLE KEYS */;
INSERT INTO `loginlog` VALUES (6980507862564864,1,6845764974149632,'2019-09-09 23:07:49','0:0:0:0:0:0:0:1','登录成功!'),(6980758191210496,1,6845764974149632,'2019-09-09 23:08:48','0:0:0:0:0:0:0:1','登录成功!'),(6981779915276288,0,NULL,'2019-09-09 23:12:52','0:0:0:0:0:0:0:1','登录失败!'),(6984622080524288,1,6845764974149632,'2019-09-09 23:24:10','0:0:0:0:0:0:0:1','登录成功!'),(6988839398670336,1,6845764974149632,'2019-09-09 23:40:55','0:0:0:0:0:0:0:1','登录成功!'),(7144132237590528,1,6845764974149632,'2019-09-10 09:58:00','0:0:0:0:0:0:0:1','登录成功!'),(7146160053551104,1,6845764974149632,'2019-09-10 10:06:03','0:0:0:0:0:0:0:1','登录成功!'),(7148383668011008,1,6866337364180992,'2019-09-10 10:14:53','0:0:0:0:0:0:0:1','登录成功!'),(7162307972956160,1,6866337364180992,'2019-09-10 11:10:13','0:0:0:0:0:0:0:1','登录成功!'),(7162519755948032,1,6845764974149632,'2019-09-10 11:11:04','0:0:0:0:0:0:0:1','登录成功!'),(10439492796153856,0,NULL,'2019-09-19 12:12:35','0:0:0:0:0:0:0:1','账户名或者密码输入错误!'),(10439801425625088,0,NULL,'2019-09-19 12:13:49','0:0:0:0:0:0:0:1','账户名或者密码输入错误!'),(10439817686941696,0,NULL,'2019-09-19 12:13:52','0:0:0:0:0:0:0:1','账户名或者密码输入错误!'),(10450106142687232,1,10449879381835776,'2019-09-19 12:54:45','0:0:0:0:0:0:0:1','登录成功!'),(10452245791375360,1,10449879381835776,'2019-09-19 13:03:16','0:0:0:0:0:0:0:1','登录成功!'),(10452705692614656,1,6845764974149632,'2019-09-19 13:05:05','0:0:0:0:0:0:0:1','登录成功!'),(10453615395209216,1,6866337364180992,'2019-09-19 13:08:42','0:0:0:0:0:0:0:1','登录成功!'),(10514222345617408,0,NULL,'2019-09-19 17:09:32','0:0:0:0:0:0:0:1','账户名或者密码输入错误!'),(10514349818904576,1,6845764974149632,'2019-09-19 17:10:02','0:0:0:0:0:0:0:1','登录成功!'),(10517433982910464,1,6845764974149632,'2019-09-19 17:22:18','0:0:0:0:0:0:0:1','登录成功!'),(10522058140155904,1,6845764974149632,'2019-09-19 17:40:40','0:0:0:0:0:0:0:1','登录成功!'),(10524014275461120,1,6845764974149632,'2019-09-19 17:48:26','0:0:0:0:0:0:0:1','登录成功!'),(10571979333566464,1,6845764974149632,'2019-09-19 20:59:02','0:0:0:0:0:0:0:1','登录成功!'),(10573104048766976,1,6845764974149632,'2019-09-19 21:03:30','0:0:0:0:0:0:0:1','登录成功!'),(10574216084586496,1,6845764974149632,'2019-09-19 21:07:56','0:0:0:0:0:0:0:1','登录成功!'),(10786720454803456,1,6845764974149632,'2019-09-20 11:12:21','0:0:0:0:0:0:0:1','登录成功!'),(10801655066918912,1,6845764974149632,'2019-09-20 12:11:41','0:0:0:0:0:0:0:1','登录成功!'),(10830783296045056,1,6845764974149632,'2019-09-20 14:07:26','0:0:0:0:0:0:0:1','登录成功!'),(10832440490721280,1,6845764974149632,'2019-09-20 14:14:01','0:0:0:0:0:0:0:1','登录成功!'),(10834220238766080,1,6845764974149632,'2019-09-20 14:21:05','0:0:0:0:0:0:0:1','登录成功!'),(10834741129379840,1,6845764974149632,'2019-09-20 14:23:10','0:0:0:0:0:0:0:1','登录成功!'),(10835326893293568,1,6845764974149632,'2019-09-20 14:25:29','0:0:0:0:0:0:0:1','登录成功!'),(10836108501843968,1,6845764974149632,'2019-09-20 14:28:36','0:0:0:0:0:0:0:1','登录成功!'),(10840749595688960,1,6845764974149632,'2019-09-20 14:47:02','0:0:0:0:0:0:0:1','登录成功!'),(10841237581987840,1,6845764974149632,'2019-09-20 14:48:58','0:0:0:0:0:0:0:1','登录成功!'),(10842605537460224,1,6845764974149632,'2019-09-20 14:54:25','0:0:0:0:0:0:0:1','登录成功!'),(10844586863755264,1,6845764974149632,'2019-09-20 15:02:17','0:0:0:0:0:0:0:1','登录成功!'),(10845130550411264,1,6845764974149632,'2019-09-20 15:04:27','0:0:0:0:0:0:0:1','登录成功!'),(10861128670248960,1,6845764974149632,'2019-09-20 16:08:01','0:0:0:0:0:0:0:1','登录成功!'),(10862591060475904,1,6845764974149632,'2019-09-20 16:13:49','0:0:0:0:0:0:0:1','登录成功!'),(10917408797622272,1,6845764974149632,'2019-09-20 19:51:39','0:0:0:0:0:0:0:1','登录成功!'),(11147749063917568,1,6845764974149632,'2019-09-21 11:06:56','0:0:0:0:0:0:0:1','登录成功!'),(11150658275115008,1,6845764974149632,'2019-09-21 11:18:30','0:0:0:0:0:0:0:1','登录成功!'),(11151635384369152,1,6845764974149632,'2019-09-21 11:22:23','0:0:0:0:0:0:0:1','登录成功!'),(11152289825816576,1,6845764974149632,'2019-09-21 11:24:59','0:0:0:0:0:0:0:1','登录成功!'),(11153583030403072,1,6845764974149632,'2019-09-21 11:30:07','0:0:0:0:0:0:0:1','登录成功!'),(11157114357547008,1,6845764974149632,'2019-09-21 11:44:09','0:0:0:0:0:0:0:1','登录成功!'),(11157164177489920,1,6845764974149632,'2019-09-21 11:44:21','0:0:0:0:0:0:0:1','登录成功!'),(11255837930553344,1,6845764974149632,'2019-09-21 18:16:27','0:0:0:0:0:0:0:1','登录成功!'),(11262772193001472,1,6845764974149632,'2019-09-21 18:44:00','0:0:0:0:0:0:0:1','登录成功!'),(11266905524404224,1,6845764974149632,'2019-09-21 19:00:26','0:0:0:0:0:0:0:1','登录成功!'),(11269273485836288,1,6845764974149632,'2019-09-21 19:09:50','0:0:0:0:0:0:0:1','登录成功!'),(11320293335236608,1,6845764974149632,'2019-09-21 22:32:35','0:0:0:0:0:0:0:1','登录成功!'),(11321962831806464,1,6845764974149632,'2019-09-21 22:39:12','0:0:0:0:0:0:0:1','登录成功!'),(11539757465075712,1,6845764974149632,'2019-09-22 13:04:39','0:0:0:0:0:0:0:1','登录成功!'),(11558830278180864,1,6845764974149632,'2019-09-22 14:20:26','0:0:0:0:0:0:0:1','登录成功!'),(11934071772938240,0,NULL,'2019-09-23 15:11:30','0:0:0:0:0:0:0:1','账户名或者密码输入错误!'),(11934094254407680,1,6845764974149632,'2019-09-23 15:11:36','0:0:0:0:0:0:0:1','登录成功!'),(11935830629154816,1,6845764974149632,'2019-09-23 15:18:30','0:0:0:0:0:0:0:1','登录成功!'),(11937388213305344,1,6845764974149632,'2019-09-23 15:24:41','0:0:0:0:0:0:0:1','登录成功!'),(12306951421558784,1,6845764974149632,'2019-09-24 15:53:12','0:0:0:0:0:0:0:1','登录成功!'),(12307699068829696,1,6866337364180992,'2019-09-24 15:56:10','0:0:0:0:0:0:0:1','登录成功!'),(12586161063067648,1,6866337364180992,'2019-09-25 10:22:41','0:0:0:0:0:0:0:1','登录成功!'),(12586640904028160,1,6845764974149632,'2019-09-25 10:24:35','0:0:0:0:0:0:0:1','登录成功!'),(12589496881119232,1,6845764974149632,'2019-09-25 10:35:56','0:0:0:0:0:0:0:1','登录成功!'),(12590107546615808,1,6845764974149632,'2019-09-25 10:38:21','0:0:0:0:0:0:0:1','登录成功!'),(12674879996297216,1,6845764974149632,'2019-09-25 16:15:13','0:0:0:0:0:0:0:1','登录成功!'),(12675670895230976,1,6845764974149632,'2019-09-25 16:18:21','0:0:0:0:0:0:0:1','登录成功!'),(12677570772336640,1,6866337364180992,'2019-09-25 16:25:54','0:0:0:0:0:0:0:1','登录成功!'),(12678090496933888,1,6845764974149632,'2019-09-25 16:27:58','0:0:0:0:0:0:0:1','登录成功!'),(12767970077966336,1,6845764974149632,'2019-09-25 22:25:07','0:0:0:0:0:0:0:1','登录成功!'),(12769119120130048,1,6845764974149632,'2019-09-25 22:29:41','0:0:0:0:0:0:0:1','登录成功!'),(12770471661535232,1,6845764974149632,'2019-09-25 22:35:04','0:0:0:0:0:0:0:1','登录成功!'),(12770866974687232,1,6845764974149632,'2019-09-25 22:36:38','0:0:0:0:0:0:0:1','登录成功!'),(12773567607341056,1,6845764974149632,'2019-09-25 22:47:22','0:0:0:0:0:0:0:1','登录成功!'),(12773590172696576,1,6845764974149632,'2019-09-25 22:47:27','0:0:0:0:0:0:0:1','登录成功!'),(12774113663778816,1,6866337364180992,'2019-09-25 22:49:32','0:0:0:0:0:0:0:1','登录成功!'),(12775435813257216,1,6845764974149632,'2019-09-25 22:54:47','0:0:0:0:0:0:0:1','登录成功!'),(12781294844903424,1,6845764974149632,'2019-09-25 23:18:04','0:0:0:0:0:0:0:1','登录成功!'),(12933660130934784,1,6845764974149632,'2019-09-26 09:23:31','0:0:0:0:0:0:0:1','登录成功!'),(12937133467631616,1,6845764974149632,'2019-09-26 09:37:19','0:0:0:0:0:0:0:1','登录成功!'),(12938732780912640,1,6845764974149632,'2019-09-26 09:43:40','0:0:0:0:0:0:0:1','登录成功!'),(12939095382687744,1,6845764974149632,'2019-09-26 09:45:07','0:0:0:0:0:0:0:1','登录成功!'),(12939741766877184,1,6845764974149632,'2019-09-26 09:47:41','0:0:0:0:0:0:0:1','登录成功!'),(12961423210577920,1,6845764974149632,'2019-09-26 11:13:50','0:0:0:0:0:0:0:1','登录成功!'),(12967796145127424,1,6845764974149632,'2019-09-26 11:39:09','0:0:0:0:0:0:0:1','登录成功!'),(13015933106782208,1,6845764974149632,'2019-09-26 14:50:26','0:0:0:0:0:0:0:1','登录成功!'),(13102222833352704,1,6845764974149632,'2019-09-26 20:33:19','0:0:0:0:0:0:0:1','登录成功!'),(13325364994506752,1,6845764974149632,'2019-09-27 11:20:01','0:0:0:0:0:0:0:1','登录成功!'),(13326962290327552,1,6845764974149632,'2019-09-27 11:26:21','0:0:0:0:0:0:0:1','登录成功!'),(13327980642172928,1,6845764974149632,'2019-09-27 11:30:24','0:0:0:0:0:0:0:1','登录成功!'),(13345571993550848,1,6845764974149632,'2019-09-27 12:40:18','0:0:0:0:0:0:0:1','登录成功!'),(13347044252975104,1,6845764974149632,'2019-09-27 12:46:09','0:0:0:0:0:0:0:1','登录成功!'),(13348705277050880,1,6845764974149632,'2019-09-27 12:52:45','0:0:0:0:0:0:0:1','登录成功!'),(13352661709488128,1,6845764974149632,'2019-09-27 13:08:29','0:0:0:0:0:0:0:1','登录成功!'),(13354674958630912,1,6845764974149632,'2019-09-27 13:16:29','0:0:0:0:0:0:0:1','登录成功!'),(13355211217174528,1,6845764974149632,'2019-09-27 13:18:36','0:0:0:0:0:0:0:1','登录成功!'),(13355691599200256,1,6845764974149632,'2019-09-27 13:20:31','0:0:0:0:0:0:0:1','登录成功!'),(13356300813467648,1,6845764974149632,'2019-09-27 13:22:56','0:0:0:0:0:0:0:1','登录成功!'),(13360515644391424,1,6845764974149632,'2019-09-27 13:39:41','0:0:0:0:0:0:0:1','登录成功!'),(13361186749808640,1,6845764974149632,'2019-09-27 13:42:21','0:0:0:0:0:0:0:1','登录成功!'),(13361963073536000,1,6845764974149632,'2019-09-27 13:45:26','0:0:0:0:0:0:0:1','登录成功!'),(13362591917146112,1,6845764974149632,'2019-09-27 13:47:56','0:0:0:0:0:0:0:1','登录成功!'),(13363007513952256,1,6845764974149632,'2019-09-27 13:49:35','0:0:0:0:0:0:0:1','登录成功!'),(13363574642573312,1,6845764974149632,'2019-09-27 13:51:50','0:0:0:0:0:0:0:1','登录成功!'),(13364919843946496,1,6845764974149632,'2019-09-27 13:57:11','0:0:0:0:0:0:0:1','登录成功!'),(13365343053414400,1,6845764974149632,'2019-09-27 13:58:52','0:0:0:0:0:0:0:1','登录成功!'),(13365949503635456,1,6845764974149632,'2019-09-27 14:01:17','0:0:0:0:0:0:0:1','登录成功!'),(13366284427198464,1,6845764974149632,'2019-09-27 14:02:36','0:0:0:0:0:0:0:1','登录成功!'),(13367163364573184,1,6845764974149632,'2019-09-27 14:06:06','0:0:0:0:0:0:0:1','登录成功!'),(13367416448876544,1,6845764974149632,'2019-09-27 14:07:06','0:0:0:0:0:0:0:1','登录成功!'),(13367950832566272,1,6845764974149632,'2019-09-27 14:09:14','0:0:0:0:0:0:0:1','登录成功!'),(13368444724445184,1,6845764974149632,'2019-09-27 14:11:12','0:0:0:0:0:0:0:1','登录成功!'),(13368902222348288,1,6845764974149632,'2019-09-27 14:13:01','0:0:0:0:0:0:0:1','登录成功!'),(13369750667132928,1,6845764974149632,'2019-09-27 14:16:23','0:0:0:0:0:0:0:1','登录成功!'),(13370918277480448,1,6845764974149632,'2019-09-27 14:21:01','0:0:0:0:0:0:0:1','登录成功!'),(13371572937031680,1,6845764974149632,'2019-09-27 14:23:37','0:0:0:0:0:0:0:1','登录成功!'),(13372580954112000,1,6845764974149632,'2019-09-27 14:27:38','0:0:0:0:0:0:0:1','登录成功!'),(13373219536896000,1,6845764974149632,'2019-09-27 14:30:10','0:0:0:0:0:0:0:1','登录成功!'),(13374372672700416,1,6845764974149632,'2019-09-27 14:34:45','0:0:0:0:0:0:0:1','登录成功!'),(13374891482939392,1,6845764974149632,'2019-09-27 14:36:49','0:0:0:0:0:0:0:1','登录成功!'),(13375183851094016,1,6845764974149632,'2019-09-27 14:37:58','0:0:0:0:0:0:0:1','登录成功!'),(13375890964611072,1,6845764974149632,'2019-09-27 14:40:47','0:0:0:0:0:0:0:1','登录成功!'),(13376737299660800,1,6845764974149632,'2019-09-27 14:44:09','0:0:0:0:0:0:0:1','登录成功!'),(13376990211997696,1,6845764974149632,'2019-09-27 14:45:09','0:0:0:0:0:0:0:1','登录成功!'),(13377757442473984,1,6845764974149632,'2019-09-27 14:48:12','0:0:0:0:0:0:0:1','登录成功!'),(13378611490848768,1,6845764974149632,'2019-09-27 14:51:35','0:0:0:0:0:0:0:1','登录成功!'),(13378890823106560,1,6845764974149632,'2019-09-27 14:52:42','0:0:0:0:0:0:0:1','登录成功!'),(13379197951016960,1,6845764974149632,'2019-09-27 14:53:55','0:0:0:0:0:0:0:1','登录成功!'),(13379715385524224,1,6845764974149632,'2019-09-27 14:55:59','0:0:0:0:0:0:0:1','登录成功!'),(13381028697604096,1,6845764974149632,'2019-09-27 15:01:12','0:0:0:0:0:0:0:1','登录成功!'),(13381529774325760,1,6845764974149632,'2019-09-27 15:03:11','0:0:0:0:0:0:0:1','登录成功!'),(13382285453688832,1,6845764974149632,'2019-09-27 15:06:11','0:0:0:0:0:0:0:1','登录成功!'),(13384553192226816,1,6845764974149632,'2019-09-27 15:15:12','0:0:0:0:0:0:0:1','登录成功!'),(13386266204700672,1,6845764974149632,'2019-09-27 15:22:01','0:0:0:0:0:0:0:1','登录成功!'),(13388230988660736,1,6845764974149632,'2019-09-27 15:29:49','0:0:0:0:0:0:0:1','登录成功!'),(13389415409778688,1,6845764974149632,'2019-09-27 15:34:31','0:0:0:0:0:0:0:1','登录成功!'),(14029515273535488,1,6845764974149632,'2019-09-29 09:58:03','0:0:0:0:0:0:0:1','登录成功!'),(14031258598244352,1,6845764974149632,'2019-09-29 10:04:59','0:0:0:0:0:0:0:1','登录成功!'),(14035543419518976,1,6845764974149632,'2019-09-29 10:22:00','0:0:0:0:0:0:0:1','登录成功!'),(14035924954382336,1,6845764974149632,'2019-09-29 10:23:31','0:0:0:0:0:0:0:1','登录成功!'),(14039250345394176,1,6845764974149632,'2019-09-29 10:36:44','0:0:0:0:0:0:0:1','登录成功!'),(14040756318633984,1,6845764974149632,'2019-09-29 10:42:43','0:0:0:0:0:0:0:1','登录成功!'),(14052800300318720,1,6845764974149632,'2019-09-29 11:30:35','0:0:0:0:0:0:0:1','登录成功!'),(14054601040855040,1,6845764974149632,'2019-09-29 11:37:44','0:0:0:0:0:0:0:1','登录成功!'),(14111373910867968,1,6845764974149632,'2019-09-29 15:23:20','0:0:0:0:0:0:0:1','登录成功!'),(14112984230002688,1,6845764974149632,'2019-09-29 15:29:44','0:0:0:0:0:0:0:1','登录成功!'),(14114961143889920,1,6845764974149632,'2019-09-29 15:37:35','0:0:0:0:0:0:0:1','登录成功!'),(14118559663783936,1,6845764974149632,'2019-09-29 15:51:53','0:0:0:0:0:0:0:1','登录成功!'),(14122003552272384,1,6845764974149632,'2019-09-29 16:05:34','0:0:0:0:0:0:0:1','登录成功!'),(14205393278337024,1,6845764974149632,'2019-09-29 21:36:56','0:0:0:0:0:0:0:1','登录成功!'),(14220920419778560,1,6845764974149632,'2019-09-29 22:38:38','0:0:0:0:0:0:0:1','登录成功!'),(14232530089672704,1,6845764974149632,'2019-09-29 23:24:46','0:0:0:0:0:0:0:1','登录成功!'),(14234703557033984,1,6845764974149632,'2019-09-29 23:33:24','0:0:0:0:0:0:0:1','登录成功!'),(14235418128023552,1,6845764974149632,'2019-09-29 23:36:14','0:0:0:0:0:0:0:1','登录成功!'),(14240361912205312,1,6845764974149632,'2019-09-29 23:55:53','0:0:0:0:0:0:0:1','登录成功!'),(14241194963894272,1,6845764974149632,'2019-09-29 23:59:11','0:0:0:0:0:0:0:1','登录成功!'),(14241756044328960,1,6845764974149632,'2019-09-30 00:01:25','0:0:0:0:0:0:0:1','登录成功!'),(14384271758196736,1,6845764974149632,'2019-09-30 09:27:44','0:0:0:0:0:0:0:1','登录成功!'),(14395441940529152,1,6845764974149632,'2019-09-30 10:12:07','0:0:0:0:0:0:0:1','登录成功!'),(14405139242680320,1,6845764974149632,'2019-09-30 10:50:39','0:0:0:0:0:0:0:1','登录成功!'),(14428692642004992,1,6845764974149632,'2019-09-30 12:24:14','0:0:0:0:0:0:0:1','登录成功!'),(14443001476546560,1,6845764974149632,'2019-09-30 13:21:06','0:0:0:0:0:0:0:1','登录成功!'),(14447111386955776,1,6845764974149632,'2019-09-30 13:37:26','0:0:0:0:0:0:0:1','登录成功!'),(14447774917459968,1,6845764974149632,'2019-09-30 13:40:04','0:0:0:0:0:0:0:1','登录成功!'),(14449365540143104,1,6845764974149632,'2019-09-30 13:46:23','0:0:0:0:0:0:0:1','登录成功!'),(14450899850100736,1,6845764974149632,'2019-09-30 13:52:29','0:0:0:0:0:0:0:1','登录成功!'),(14483411234193408,1,6845764974149632,'2019-09-30 16:01:40','0:0:0:0:0:0:0:1','登录成功!'),(14485571556605952,1,6845764974149632,'2019-09-30 16:10:15','0:0:0:0:0:0:0:1','登录成功!'),(14488689132437504,1,6845764974149632,'2019-09-30 16:22:39','0:0:0:0:0:0:0:1','登录成功!'),(14489899960893440,1,6845764974149632,'2019-09-30 16:27:27','0:0:0:0:0:0:0:1','登录成功!'),(14490908674228224,1,6845764974149632,'2019-09-30 16:31:28','0:0:0:0:0:0:0:1','登录成功!'),(14491680673628160,1,6845764974149632,'2019-09-30 16:34:32','0:0:0:0:0:0:0:1','登录成功!'),(14492225782153216,1,6845764974149632,'2019-09-30 16:36:42','0:0:0:0:0:0:0:1','登录成功!'),(14493143890132992,1,6845764974149632,'2019-09-30 16:40:21','0:0:0:0:0:0:0:1','登录成功!'),(14494877798629376,1,6845764974149632,'2019-09-30 16:47:14','0:0:0:0:0:0:0:1','登录成功!'),(14496497689165824,1,6845764974149632,'2019-09-30 16:53:40','0:0:0:0:0:0:0:1','登录成功!'),(14497402455064576,1,6845764974149632,'2019-09-30 16:57:16','0:0:0:0:0:0:0:1','登录成功!'),(14497709440368640,1,6845764974149632,'2019-09-30 16:58:29','0:0:0:0:0:0:0:1','登录成功!'),(14498383540518912,1,6845764974149632,'2019-09-30 17:01:10','0:0:0:0:0:0:0:1','登录成功!'),(14498642924666880,1,6845764974149632,'2019-09-30 17:02:12','0:0:0:0:0:0:0:1','登录成功!'),(14512031776374784,1,6845764974149632,'2019-09-30 17:55:24','0:0:0:0:0:0:0:1','登录成功!'),(14512413365764096,1,6845764974149632,'2019-09-30 17:56:55','0:0:0:0:0:0:0:1','登录成功!'),(14818133210562560,1,6845764974149632,'2019-10-01 14:11:44','0:0:0:0:0:0:0:1','登录成功!'),(14853789232136192,1,6845764974149632,'2019-10-01 16:33:25','0:0:0:0:0:0:0:1','登录成功!'),(14864376062279680,1,6845764974149632,'2019-10-01 17:15:29','0:0:0:0:0:0:0:1','登录成功!'),(14965879561256960,1,6845764974149632,'2019-10-01 23:58:50','0:0:0:0:0:0:0:1','登录成功!'),(14972092084649984,1,6845764974149632,'2019-10-02 00:23:31','0:0:0:0:0:0:0:1','登录成功!'),(14973130413965312,1,6845764974149632,'2019-10-02 00:27:38','0:0:0:0:0:0:0:1','登录成功!'),(14973388179111936,1,6845764974149632,'2019-10-02 00:28:40','0:0:0:0:0:0:0:1','登录成功!');
/*!40000 ALTER TABLE `loginlog` ENABLE KEYS */;
UNLOCK TABLES;

--
-- Table structure for table `manualsign`
--

DROP TABLE IF EXISTS `manualsign`;
/*!40101 SET @saved_cs_client     = @@character_set_client */;
 SET character_set_client = utf8mb4 ;
CREATE TABLE `manualsign` (
  `manualSignId` bigint(20) NOT NULL AUTO_INCREMENT COMMENT '签卡id',
  `userId` bigint(20) NOT NULL COMMENT '用户id（外-userinfo-userid）',
  `signTime` datetime NOT NULL COMMENT '签卡时间',
  `signDesc` varchar(200) NOT NULL COMMENT '签卡备注',
  `signTag` int(11) NOT NULL COMMENT '签卡标记',
  PRIMARY KEY (`manualSignId`)
) ENGINE=InnoDB AUTO_INCREMENT=14454923961827329 DEFAULT CHARSET=utf8;
/*!40101 SET character_set_client = @saved_cs_client */;

--
-- Dumping data for table `manualsign`
--

LOCK TABLES `manualsign` WRITE;
/*!40000 ALTER TABLE `manualsign` DISABLE KEYS */;
INSERT INTO `manualsign` VALUES (14405421116686336,6845764974149632,'2019-09-30 10:51:46','string1111',211),(14447342136590336,6845764974149632,'2019-09-30 13:38:21','string',0),(14450970125664256,6845764974149632,'2019-09-30 13:52:46','爱丁堡',0),(14454630591234048,6845764974149632,'2019-09-30 14:07:19','爱丁堡',1),(14454749575249920,6845764974149632,'2019-09-30 14:07:47','菠萝派',1),(14454845893246976,6845764974149632,'2019-09-30 14:08:10','巨无霸',1),(14454923961827328,6845764974149632,'2019-09-30 14:08:29','麦辣鸡翅',1);
/*!40000 ALTER TABLE `manualsign` ENABLE KEYS */;
UNLOCK TABLES;

--
-- Table structure for table `meetinginfo`
--

DROP TABLE IF EXISTS `meetinginfo`;
/*!40101 SET @saved_cs_client     = @@character_set_client */;
 SET character_set_client = utf8mb4 ;
CREATE TABLE `meetinginfo` (
  `meetingId` bigint(20) NOT NULL AUTO_INCREMENT COMMENT '会议类型id',
  `meetingName` varchar(50) NOT NULL COMMENT '会议类型名称',
  PRIMARY KEY (`meetingId`)
) ENGINE=InnoDB DEFAULT CHARSET=utf8;
/*!40101 SET character_set_client = @saved_cs_client */;

--
-- Dumping data for table `meetinginfo`
--

LOCK TABLES `meetinginfo` WRITE;
/*!40000 ALTER TABLE `meetinginfo` DISABLE KEYS */;
/*!40000 ALTER TABLE `meetinginfo` ENABLE KEYS */;
UNLOCK TABLES;

--
-- Table structure for table `menu`
--

DROP TABLE IF EXISTS `menu`;
/*!40101 SET @saved_cs_client     = @@character_set_client */;
 SET character_set_client = utf8mb4 ;
CREATE TABLE `menu` (
  `menuId` bigint(20) unsigned NOT NULL,
  `menuUrl` varchar(128) NOT NULL DEFAULT '',
  `menuPath` varchar(128) DEFAULT '',
  `menuComponent` varchar(64) DEFAULT '',
  `menuName` varchar(64) CHARACTER SET utf8 COLLATE utf8_general_ci NOT NULL DEFAULT '',
  `menuIcon` varchar(64) DEFAULT '',
  `menuOrder` int(11) NOT NULL DEFAULT '0',
  `parentMenuId` bigint(20) unsigned NOT NULL,
  `requireAuth` tinyint(4) DEFAULT '1',
  `disabled` tinyint(4) DEFAULT '0',
  PRIMARY KEY (`menuId`)
) ENGINE=InnoDB DEFAULT CHARSET=utf8mb4 COLLATE=utf8mb4_0900_ai_ci;
/*!40101 SET character_set_client = @saved_cs_client */;

--
-- Dumping data for table `menu`
--

LOCK TABLES `menu` WRITE;
/*!40000 ALTER TABLE `menu` DISABLE KEYS */;
INSERT INTO `menu` VALUES (7161924118642688,'/','/home','Home','人事管理','',0,0,1,0),(7161926496813056,'/branch/**','/personal/organization','organization','机构管理','',0,7161924118642688,1,0),(7161926534561792,'/department/**','/personal/department','department','部门管理','',0,7161924118642688,1,0),(7161926601670656,'/user/**','/personal/employee','employee','员工管理','',0,7161924118642688,1,0),(7161926626836480,'/','/home','Home','日程管理','',0,0,1,0),(7161926647808000,'/schedule/**','/schedule/mySchedule','mySchedule','我的日程','',0,7161926626836480,1,0),(7161926668779520,'/schedule/**','/schedule/departmentSchedule','departmentSchedule','部门日程','',0,7161926626836480,1,0),(7161926693945344,'/note/**','/schedule/myNotes','myNote','我的便签','',0,7161926626836480,1,0),(7161926719111168,'/','/home','Home','文档管理','',0,0,1,0),(7161926740082688,'/file/**','/file/manager','FileManager','文档管理','',0,7161926719111168,1,0),(7161926756859904,'/file/**','/file/trash','FileTrash','回收站','',0,7161926719111168,1,0),(7161926773637120,'/','/home','Home','消息管理','',0,0,1,0),(7161926790414336,'/message/**','/message/msgManage','msgManage','信息管理','',0,7161926773637120,1,0),(7161926807191552,'/message/**','/message/mailBox','mailBox','信箱','',0,7161926773637120,1,0),(7161926828163072,'/','/home','Home','考勤管理','',0,0,1,0),(7161926844940288,'/manualSign/**','/check/checkCount','ManualSignCount','考勤统计','',0,7161926828163072,1,0),(7161926870106112,'/manualSign/**','/check/Inquiry','ManualSignQuery','考勤历史记录查询','',0,7161926828163072,1,0),(7161926886883328,'/manualSign/**','/check/employeeCheck','ManualSign','员工签到/签退','',0,7161926828163072,1,0),(7161926907854848,'/','/home','Home','系统管理','',0,0,1,0),(7161926924632064,'/loginLog/**','/system/loginRecord','loginRecord','登录日志','',0,7161926907854848,1,0),(7161926941409280,'/operationLog/**','/system/operationRecord','operateRecord','操作日志','',0,7161926907854848,1,0),(7161926962380800,'/role/**','/system/roleManage','roleManage','角色管理','',0,7161926907854848,1,0),(7161926979158016,'/menu/**','/system/menuOrder','menuOrder','菜单排序','',0,7161926907854848,1,0);
/*!40000 ALTER TABLE `menu` ENABLE KEYS */;
UNLOCK TABLES;

--
-- Table structure for table `menurole`
--

DROP TABLE IF EXISTS `menurole`;
/*!40101 SET @saved_cs_client     = @@character_set_client */;
 SET character_set_client = utf8mb4 ;
CREATE TABLE `menurole` (
  `menuRoleId` bigint(20) unsigned NOT NULL,
  `menuId` bigint(20) unsigned NOT NULL,
  `roleId` bigint(20) unsigned NOT NULL,
  PRIMARY KEY (`menuRoleId`)
) ENGINE=InnoDB DEFAULT CHARSET=utf8mb4 COLLATE=utf8mb4_0900_ai_ci;
/*!40101 SET character_set_client = @saved_cs_client */;

--
-- Dumping data for table `menurole`
--

LOCK TABLES `menurole` WRITE;
/*!40000 ALTER TABLE `menurole` DISABLE KEYS */;
INSERT INTO `menurole` VALUES (7161926480035840,7161924118642688,2867588375773184),(7161926513590272,7161926496813056,2867588375773184),(7161926576504832,7161926534561792,2867588375773184),(7161926614253568,7161926601670656,2867588375773184),(7161926639419392,7161926626836480,2867590938492928),(7161926660390912,7161926647808000,2867590938492928),(7161926681362432,7161926668779520,2867590938492928),(7161926702333952,7161926693945344,2867590938492928),(7161926731694080,7161926719111168,2867590938492928),(7161926748471296,7161926740082688,2867590938492928),(7161926765248512,7161926756859904,2867590938492928),(7161926786220032,7161926773637120,2867590938492928),(7161926798802944,7161926790414336,2867590938492928),(7161926819774464,7161926807191552,2867590938492928),(7161926836551680,7161926828163072,2867590938492928),(7161926861717504,7161926844940288,2867590938492928),(7161926878494720,7161926870106112,2867590938492928),(7161926895271936,7161926886883328,2867590938492928),(7161926916243456,7161926907854848,2867588375773184),(7161926933020672,7161926924632064,2867588375773184),(7161926949797888,7161926941409280,2867588375773184),(7161926970769408,7161926962380800,2867588375773184),(7161926987546624,7161926979158016,2867588375773184);
/*!40000 ALTER TABLE `menurole` ENABLE KEYS */;
UNLOCK TABLES;

--
-- Table structure for table `message`
--

DROP TABLE IF EXISTS `message`;
/*!40101 SET @saved_cs_client     = @@character_set_client */;
 SET character_set_client = utf8mb4 ;
CREATE TABLE `message` (
  `messageId` int(11) NOT NULL AUTO_INCREMENT COMMENT '消息id',
  `title` varchar(100) NOT NULL COMMENT '消息标题',
  `content` varchar(5000) NOT NULL COMMENT '消息内容',
  `type` int(11) NOT NULL COMMENT '消息类型',
  `beginTime` datetime NOT NULL COMMENT '开始有效时间',
  `endTime` datetime NOT NULL COMMENT '有效结束时间',
  `fromUserId` bigint(20) NOT NULL COMMENT '发送者',
  `ifPublish` int(1) NOT NULL DEFAULT '0' COMMENT '是否已发布（发布：1；未发布：0）',
  `recordTime` datetime NOT NULL COMMENT '发送时间',
  `ifDelete` int(1) NOT NULL COMMENT '删除标志位（1：已删除；0：未删除）',
  `updateTime` datetime NOT NULL COMMENT '更新时间',
  `updateUserId` bigint(20) NOT NULL DEFAULT '0' COMMENT '更新人id',
  `ifAll` int(1) NOT NULL COMMENT '是否是所有人（0：不是所有人；1：是所有人）',
  PRIMARY KEY (`messageId`)
) ENGINE=InnoDB AUTO_INCREMENT=29 DEFAULT CHARSET=utf8;
/*!40101 SET character_set_client = @saved_cs_client */;

--
-- Dumping data for table `message`
--

LOCK TABLES `message` WRITE;
/*!40000 ALTER TABLE `message` DISABLE KEYS */;
INSERT INTO `message` VALUES (1,'新增消息','测试新增消息',1,'2019-09-21 11:04:28','2019-09-21 11:04:28',6845764974149632,0,'2019-09-25 13:07:31',0,'2019-09-24 18:45:40',6845764974149632,1),(2,'Test','Test新消息',1,'2019-09-21 12:58:56','2019-09-25 12:59:01',6866337364180992,0,'2019-09-25 13:39:51',0,'2019-09-25 12:59:25',6845764974149632,0),(3,'Test111','Test111新消息',2,'2019-09-20 13:00:12','2019-09-24 13:00:17',6866337364180992,0,'2019-09-25 13:40:15',0,'2019-09-25 13:00:39',6866337364180992,0),(4,'111','123',1,'2019-09-20 13:00:12','2019-09-20 13:00:12',6866337364180992,0,'2019-09-25 15:38:47',0,'2019-09-25 15:38:47',6866337364180992,1),(15,'string','string',2,'2019-09-26 10:45:46','2019-09-26 10:45:46',6866337364180992,0,'2019-09-26 10:53:42',0,'2019-09-26 10:53:42',6866337364180992,1),(16,'string','string',2,'2019-09-26 10:45:46','2019-09-26 10:45:46',6866337364180992,0,'2019-09-26 11:10:35',0,'2019-09-26 11:10:35',6866337364180992,1),(17,'string','string',2,'2019-09-26 10:45:46','2019-09-26 10:45:46',6866337364180992,0,'2019-09-26 14:22:53',0,'2019-09-26 14:22:53',6866337364180992,1),(18,'string','string',2,'2019-09-26 10:45:46','2019-09-26 10:45:46',6845764974149632,0,'2019-09-26 14:31:13',0,'2019-09-26 14:31:13',6845764974149632,1),(19,'string','123',2,'2019-09-26 16:59:25','2019-09-26 16:59:25',6845764974149632,0,'2019-09-26 17:03:18',0,'2019-09-26 17:03:18',6845764974149632,1),(20,'string','123',2,'2019-09-26 16:59:25','2019-09-26 16:59:25',6845764974149632,0,'2019-09-26 17:03:19',0,'2019-09-26 17:03:19',6845764974149632,1),(21,'string','123',2,'2019-09-26 16:59:25','2019-09-26 16:59:25',6845764974149632,0,'2019-09-26 17:03:19',0,'2019-09-26 17:03:19',6845764974149632,1),(22,'string','string',1,'2019-09-26 19:03:02','2019-09-26 19:03:02',6845764974149632,0,'2019-09-26 19:03:35',0,'2019-09-26 19:03:35',6845764974149632,1),(23,'string','string',1,'2019-09-26 19:03:02','2019-09-26 19:03:02',6845764974149632,0,'2019-09-26 19:16:27',0,'2019-09-26 19:16:27',6845764974149632,1),(24,'string','string',1,'2019-09-26 19:03:02','2019-09-26 19:03:02',6845764974149632,0,'2019-09-26 19:20:23',0,'2019-09-26 19:20:23',6845764974149632,1),(25,'string','string',2,'2019-09-27 09:25:37','2019-09-27 09:25:37',6845764974149632,0,'2019-09-27 09:25:57',0,'2019-09-27 09:25:57',6845764974149632,1),(26,'string','string',2,'2019-09-27 09:25:37','2019-09-27 09:25:37',6845764974149632,0,'2019-09-27 09:27:30',0,'2019-09-27 09:27:30',6845764974149632,1),(27,'string','string',2,'2019-09-27 09:25:37','2019-09-27 09:25:37',6845764974149632,0,'2019-09-27 09:35:59',0,'2019-09-27 09:35:59',6845764974149632,1),(28,'测试消息','新增人员测试消息',2,'2019-09-19 16:15:05','2019-09-20 16:15:13',6845764974149632,0,'2019-09-25 13:07:26',0,'2019-09-19 16:17:50',6845764974149632,0);
/*!40000 ALTER TABLE `message` ENABLE KEYS */;
UNLOCK TABLES;

--
-- Table structure for table `messagetouser`
--

DROP TABLE IF EXISTS `messagetouser`;
/*!40101 SET @saved_cs_client     = @@character_set_client */;
 SET character_set_client = utf8mb4 ;
CREATE TABLE `messagetouser` (
  `id` int(11) NOT NULL AUTO_INCREMENT COMMENT '序号id',
  `messageId` int(11) NOT NULL COMMENT '消息id（外-message-messageid）',
  `touserId` bigint(20) NOT NULL COMMENT '发送对象id（外-userinfo-userid）',
  `ifRead` int(1) NOT NULL COMMENT '是否已读（1：已读；0：未读）',
  PRIMARY KEY (`id`)
) ENGINE=InnoDB AUTO_INCREMENT=30 DEFAULT CHARSET=utf8;
/*!40101 SET character_set_client = @saved_cs_client */;

--
-- Dumping data for table `messagetouser`
--

LOCK TABLES `messagetouser` WRITE;
/*!40000 ALTER TABLE `messagetouser` DISABLE KEYS */;
INSERT INTO `messagetouser` VALUES (1,1,6845764974149632,0),(2,1,6866337364180992,0),(3,2,6845764974149632,0),(4,0,6845764974149632,0),(5,0,6866337364180992,0),(6,0,6845764974149632,0),(7,0,6866337364180992,0),(8,0,6845764974149632,0),(9,0,6866337364180992,0),(10,0,6845764974149632,0),(11,0,6866337364180992,0),(12,0,6845764974149632,0),(13,0,6866337364180992,0),(14,0,6845764974149632,0),(15,0,6845764974149632,0),(16,0,6866337364180992,0),(17,0,6866337364180992,0),(18,0,6845764974149632,0),(19,0,6866337364180992,0),(20,0,6845764974149632,0),(21,0,6866337364180992,0),(22,0,6845764974149632,0),(23,0,6866337364180992,0),(24,0,6845764974149632,0),(25,0,6866337364180992,0),(26,0,6845764974149632,0),(27,0,6866337364180992,0),(28,27,6845764974149632,0),(29,27,6866337364180992,0);
/*!40000 ALTER TABLE `messagetouser` ENABLE KEYS */;
UNLOCK TABLES;

--
-- Table structure for table `messagetype`
--

DROP TABLE IF EXISTS `messagetype`;
/*!40101 SET @saved_cs_client     = @@character_set_client */;
 SET character_set_client = utf8mb4 ;
CREATE TABLE `messagetype` (
  `messageTypeId` int(11) NOT NULL AUTO_INCREMENT COMMENT '消息类型id',
  `messageTypeName` varchar(50) NOT NULL COMMENT '消息类型名称',
  `messageDesc` varchar(50) DEFAULT NULL COMMENT '消息类型描述',
  PRIMARY KEY (`messageTypeId`)
) ENGINE=InnoDB AUTO_INCREMENT=3 DEFAULT CHARSET=utf8;
/*!40101 SET character_set_client = @saved_cs_client */;

--
-- Dumping data for table `messagetype`
--

LOCK TABLES `messagetype` WRITE;
/*!40000 ALTER TABLE `messagetype` DISABLE KEYS */;
INSERT INTO `messagetype` VALUES (1,'紧急消息','优先级1'),(2,'一般消息','优先级2');
/*!40000 ALTER TABLE `messagetype` ENABLE KEYS */;
UNLOCK TABLES;

--
-- Table structure for table `mynote`
--

DROP TABLE IF EXISTS `mynote`;
/*!40101 SET @saved_cs_client     = @@character_set_client */;
 SET character_set_client = utf8mb4 ;
CREATE TABLE `mynote` (
  `noteId` bigint(20) NOT NULL AUTO_INCREMENT COMMENT '便签id',
  `noteTitle` varchar(50) NOT NULL COMMENT '便签标题',
  `noteContent` varchar(500) DEFAULT NULL COMMENT '便签内容',
  `createTime` datetime NOT NULL COMMENT '创建时间',
  `createUser` varchar(50) NOT NULL COMMENT '创建者',
  PRIMARY KEY (`noteId`)
) ENGINE=InnoDB AUTO_INCREMENT=2 DEFAULT CHARSET=utf8;
/*!40101 SET character_set_client = @saved_cs_client */;

--
-- Dumping data for table `mynote`
--

LOCK TABLES `mynote` WRITE;
/*!40000 ALTER TABLE `mynote` DISABLE KEYS */;
/*!40000 ALTER TABLE `mynote` ENABLE KEYS */;
UNLOCK TABLES;

--
-- Table structure for table `operationlog`
--

DROP TABLE IF EXISTS `operationlog`;
/*!40101 SET @saved_cs_client     = @@character_set_client */;
 SET character_set_client = utf8mb4 ;
CREATE TABLE `operationlog` (
  `operationId` bigint(20) unsigned NOT NULL,
  `operationUserId` bigint(20) unsigned NOT NULL,
  `operationName` varchar(255) CHARACTER SET utf8 COLLATE utf8_general_ci DEFAULT '',
  `operationDesc` varchar(255) CHARACTER SET utf8 COLLATE utf8_general_ci DEFAULT '',
  `operationTime` datetime DEFAULT CURRENT_TIMESTAMP,
  PRIMARY KEY (`operationId`)
) ENGINE=InnoDB DEFAULT CHARSET=utf8mb4 COLLATE=utf8mb4_general_ci;
/*!40101 SET character_set_client = @saved_cs_client */;

--
-- Dumping data for table `operationlog`
--

LOCK TABLES `operationlog` WRITE;
/*!40000 ALTER TABLE `operationlog` DISABLE KEYS */;
INSERT INTO `operationlog` VALUES (6993982391320576,6845764974149632,'添加机构-光学研究院',NULL,'2019-09-10 00:01:22'),(6994100872019969,6845764974149632,'添加机构-力学研究院',NULL,'2019-09-10 00:01:50'),(6994107218001921,6845764974149632,'添加机构-力学研究院',NULL,'2019-09-10 00:01:52'),(6994110330175489,6845764974149632,'添加机构-力学研究院',NULL,'2019-09-10 00:01:52'),(6994113396211713,6845764974149632,'添加机构-力学研究院',NULL,'2019-09-10 00:01:53'),(6994116390944769,6845764974149632,'添加机构-力学研究院',NULL,'2019-09-10 00:01:54'),(6994423422386176,6845764974149632,'删除机构-[6994116390944769, 6994113396211713]',NULL,'2019-09-10 00:03:07'),(6994517928443904,6845764974149632,'删除机构-[6994113396211713, 6994116390944769]',NULL,'2019-09-10 00:03:29'),(6994631023656960,6845764974149632,'删除机构-[6994116390944768, 6994113396211712]',NULL,'2019-09-10 00:03:56'),(6995531809161216,6845764974149632,'删除-力学研究院',NULL,'2019-09-10 00:07:31'),(6995532144705536,6845764974149632,'删除-力学研究院',NULL,'2019-09-10 00:07:31'),(12591193498058752,6845764974149632,'添加用户','[UserEditVo(userId=null, username=test, password=123456, name=test, gender=1, avatar=string, departmentId=1, roleId=2867590938492928, isBlocked=false)]','2019-09-25 10:42:41'),(12591305427255296,6845764974149632,'添加用户','[UserEditVo(userId=12591305007824896, username=test, password=$2a$10$e1LpYnloW.062ZRPrH1IH.aiWCs2/MZfFVCPBBLZLjG6dGrPnGEci, name=test, gender=1, avatar=string, departmentId=1, roleId=2867590938492928, isBlocked=false)]','2019-09-25 10:43:08'),(14405421192183808,6845764974149632,'签到','[ManualSignEditVo(manualSignId=14405421116686336, userId=6845764974149632, signTime=Mon Sep 30 10:51:46 CST 2019, signDesc=string1111, signTag=211)]','2019-09-30 10:51:46'),(14449424902127616,6845764974149632,'签到','[ManualSignEditVo(manualSignId=14449424797270016, userId=6845764974149632, signTime=Mon Sep 30 13:46:37 CST 2019, signDesc=string, signTag=0)]','2019-09-30 13:46:38'),(14450970175995904,6845764974149632,'签到','[ManualSignEditVo(manualSignId=14450970125664256, userId=6845764974149632, signTime=Mon Sep 30 13:52:46 CST 2019, signDesc=爱丁堡, signTag=0)]','2019-09-30 13:52:46'),(14451560616558592,6845764974149632,'删除签到信息','[DeleteVo(ids=[14449424797270016])]','2019-09-30 13:55:07'),(14451838224957440,6845764974149632,'删除签到信息','[DeleteVo(ids=[14449424797270016])]','2019-09-30 13:56:13'),(14454271097438208,6845764974149632,'修改签到信息','[ManualSignEditVo(manualSignId=14449424797270016, userId=6845764974149632, signTime=Mon Sep 30 13:56:18 CST 2019, signDesc=16088, signTag=1)]','2019-09-30 14:05:53'),(14454630675120128,6845764974149632,'签到','[ManualSignEditVo(manualSignId=14454630591234048, userId=6845764974149632, signTime=Mon Sep 30 14:07:18 CST 2019, signDesc=爱丁堡, signTag=1)]','2019-09-30 14:07:19'),(14454749642358784,6845764974149632,'签到','[ManualSignEditVo(manualSignId=14454749575249920, userId=6845764974149632, signTime=Mon Sep 30 14:07:47 CST 2019, signDesc=巨无霸, signTag=1)]','2019-09-30 14:07:47'),(14454845956161536,6845764974149632,'签到','[ManualSignEditVo(manualSignId=14454845893246976, userId=6845764974149632, signTime=Mon Sep 30 14:08:10 CST 2019, signDesc=巨无霸, signTag=1)]','2019-09-30 14:08:10'),(14454924024741888,6845764974149632,'签到','[ManualSignEditVo(manualSignId=14454923961827328, userId=6845764974149632, signTime=Mon Sep 30 14:08:28 CST 2019, signDesc=麦辣鸡翅, signTag=1)]','2019-09-30 14:08:29'),(14455551396151296,6845764974149632,'修改签到信息','[ManualSignEditVo(manualSignId=14454749575249920, userId=6845764974149632, signTime=Mon Sep 30 13:56:18 CST 2019, signDesc=菠萝派, signTag=1)]','2019-09-30 14:10:58'),(14456047460679680,6845764974149632,'删除签到信息','[DeleteVo(ids=[14447804298559488])]','2019-09-30 14:12:57');
/*!40000 ALTER TABLE `operationlog` ENABLE KEYS */;
UNLOCK TABLES;

--
-- Table structure for table `precontract`
--

DROP TABLE IF EXISTS `precontract`;
/*!40101 SET @saved_cs_client     = @@character_set_client */;
 SET character_set_client = utf8mb4 ;
CREATE TABLE `precontract` (
  `preContractId` bigint(20) NOT NULL AUTO_INCREMENT COMMENT '预约序号id',
  `scheduleId` bigint(20) NOT NULL COMMENT '日程id（外-schedule-scheduleid）',
  `userId` bigint(20) NOT NULL COMMENT '预约人（外-userinfo-userId）',
  PRIMARY KEY (`preContractId`)
) ENGINE=InnoDB DEFAULT CHARSET=utf8;
/*!40101 SET character_set_client = @saved_cs_client */;

--
-- Dumping data for table `precontract`
--

LOCK TABLES `precontract` WRITE;
/*!40000 ALTER TABLE `precontract` DISABLE KEYS */;
/*!40000 ALTER TABLE `precontract` ENABLE KEYS */;
UNLOCK TABLES;

--
-- Table structure for table `readcommonmessage`
--

DROP TABLE IF EXISTS `readcommonmessage`;
/*!40101 SET @saved_cs_client     = @@character_set_client */;
 SET character_set_client = utf8mb4 ;
CREATE TABLE `readcommonmessage` (
  `readId` int(11) NOT NULL AUTO_INCREMENT COMMENT '序号id',
  `messageId` int(11) NOT NULL COMMENT '消息id（外-message-mesageId）',
  `userId` bigint(20) NOT NULL COMMENT '消息读取者（外-userinfo-uerId）',
  PRIMARY KEY (`readId`)
) ENGINE=InnoDB AUTO_INCREMENT=13 DEFAULT CHARSET=utf8;
/*!40101 SET character_set_client = @saved_cs_client */;

--
-- Dumping data for table `readcommonmessage`
--

LOCK TABLES `readcommonmessage` WRITE;
/*!40000 ALTER TABLE `readcommonmessage` DISABLE KEYS */;
INSERT INTO `readcommonmessage` VALUES (1,2,6845764974149632),(2,2,6845764974149632),(3,2,6845764974149632),(4,1,6845764974149632),(5,1,6866337364180992),(6,1,6845764974149632),(7,1,6866337364180992),(8,1,6845764974149632),(9,1,6866337364180992),(10,1,6845764974149632),(11,1,6866337364180992),(12,2,6845764974149632);
/*!40000 ALTER TABLE `readcommonmessage` ENABLE KEYS */;
UNLOCK TABLES;

--
-- Table structure for table `role`
--

DROP TABLE IF EXISTS `role`;
/*!40101 SET @saved_cs_client     = @@character_set_client */;
 SET character_set_client = utf8mb4 ;
CREATE TABLE `role` (
  `roleId` bigint(20) unsigned NOT NULL,
  `roleName` varchar(32) CHARACTER SET utf8 COLLATE utf8_general_ci NOT NULL DEFAULT '',
  `roleDesc` varchar(255) CHARACTER SET utf8 COLLATE utf8_general_ci NOT NULL DEFAULT '',
  PRIMARY KEY (`roleId`)
) ENGINE=InnoDB DEFAULT CHARSET=utf8mb4 COLLATE=utf8mb4_0900_ai_ci;
/*!40101 SET character_set_client = @saved_cs_client */;

--
-- Dumping data for table `role`
--

LOCK TABLES `role` WRITE;
/*!40000 ALTER TABLE `role` DISABLE KEYS */;
INSERT INTO `role` VALUES (2867588375773184,'ROLE_ADMIN','超级管理员'),(2867590917521408,'ROLE_HR','管理员'),(2867590938492928,'ROLE_USER','员工');
/*!40000 ALTER TABLE `role` ENABLE KEYS */;
UNLOCK TABLES;

--
-- Table structure for table `schedule`
--

DROP TABLE IF EXISTS `schedule`;
/*!40101 SET @saved_cs_client     = @@character_set_client */;
 SET character_set_client = utf8mb4 ;
CREATE TABLE `schedule` (
  `scheduleId` bigint(20) NOT NULL AUTO_INCREMENT COMMENT '日程id',
  `title` varchar(50) NOT NULL COMMENT '日程标题',
  `address` varchar(500) NOT NULL COMMENT '会议地址',
  `meetingId` bigint(20) NOT NULL COMMENT '会议类型（外-meetinginfo-meetingId）',
  `beginTime` datetime NOT NULL COMMENT '日程开始时间',
  `endTime` datetime NOT NULL COMMENT '日程结束时间',
  `schContent` varchar(500) NOT NULL COMMENT '日程内容',
  `createUser` varchar(50) NOT NULL COMMENT '创建者',
  `createTime` datetime NOT NULL COMMENT '创建时间',
  `ifPrivate` int(1) NOT NULL DEFAULT '1' COMMENT '是否私有（1：私有；0：非私有）',
  PRIMARY KEY (`scheduleId`)
) ENGINE=InnoDB DEFAULT CHARSET=utf8;
/*!40101 SET character_set_client = @saved_cs_client */;

--
-- Dumping data for table `schedule`
--

LOCK TABLES `schedule` WRITE;
/*!40000 ALTER TABLE `schedule` DISABLE KEYS */;
/*!40000 ALTER TABLE `schedule` ENABLE KEYS */;
UNLOCK TABLES;

--
-- Table structure for table `user`
--

DROP TABLE IF EXISTS `user`;
/*!40101 SET @saved_cs_client     = @@character_set_client */;
 SET character_set_client = utf8mb4 ;
CREATE TABLE `user` (
  `userId` bigint(20) unsigned NOT NULL,
  `username` varchar(16) CHARACTER SET utf8 COLLATE utf8_general_ci NOT NULL,
  `password` varchar(255) NOT NULL,
  `name` varchar(16) NOT NULL DEFAULT '',
  `gender` tinyint(4) NOT NULL DEFAULT '-1',
  `avatar` varchar(255) NOT NULL DEFAULT 'http://pic.51yuansu.com/pic3/cover/02/96/71/5ad09ba522904_610.jpg',
  `departmentId` bigint(20) unsigned NOT NULL,
  `isBlocked` tinyint(4) NOT NULL DEFAULT '0',
  PRIMARY KEY (`userId`)
) ENGINE=InnoDB DEFAULT CHARSET=utf8mb4 COLLATE=utf8mb4_0900_ai_ci;
/*!40101 SET character_set_client = @saved_cs_client */;

--
-- Dumping data for table `user`
--

LOCK TABLES `user` WRITE;
/*!40000 ALTER TABLE `user` DISABLE KEYS */;
INSERT INTO `user` VALUES (6845764974149632,'admin','$2a$10$RgxBG0PKQwQ5.3tLAQyciO8sosgHBjTVL7y8EfugL3Jgj111e6Yzm','超级管理员',0,'string',4718661759664128,0),(6866337364180992,'user','$2a$10$RgxBG0PKQwQ5.3tLAQyciO8sosgHBjTVL7y8EfugL3Jgj111e6Yzm','员工',0,'string',4718661759664128,0),(12591305007824896,'test','$2a$10$e1LpYnloW.062ZRPrH1IH.aiWCs2/MZfFVCPBBLZLjG6dGrPnGEci','test',1,'string',4718661759664128,0);
/*!40000 ALTER TABLE `user` ENABLE KEYS */;
UNLOCK TABLES;

--
-- Table structure for table `userrole`
--

DROP TABLE IF EXISTS `userrole`;
/*!40101 SET @saved_cs_client     = @@character_set_client */;
 SET character_set_client = utf8mb4 ;
CREATE TABLE `userrole` (
  `userRoleId` bigint(20) unsigned NOT NULL,
  `userId` bigint(20) unsigned NOT NULL,
  `roleId` bigint(20) unsigned NOT NULL,
  PRIMARY KEY (`userRoleId`)
) ENGINE=InnoDB DEFAULT CHARSET=utf8mb4 COLLATE=utf8mb4_0900_ai_ci;
/*!40101 SET character_set_client = @saved_cs_client */;

--
-- Dumping data for table `userrole`
--

LOCK TABLES `userrole` WRITE;
/*!40000 ALTER TABLE `userrole` DISABLE KEYS */;
INSERT INTO `userrole` VALUES (6845745643226330,6845764974149632,2867590938492928),(6845765653626880,6845764974149632,2867588375773184),(6866338102378496,6866337364180992,2867590938492928),(10451781146378240,10451780160716800,0),(12587074876080128,12587074406318080,2867590938492928),(12589799005224960,12589798602571776,2867590938492928),(12590131286376448,12590130892111872,2867590938492928),(12591305406283776,12591305007824896,2867590938492928);
/*!40000 ALTER TABLE `userrole` ENABLE KEYS */;
UNLOCK TABLES;

--
-- Table structure for table `worktime`
--

DROP TABLE IF EXISTS `worktime`;
/*!40101 SET @saved_cs_client     = @@character_set_client */;
 SET character_set_client = utf8mb4 ;
CREATE TABLE `worktime` (
  `worktimeId` bigint(20) NOT NULL AUTO_INCREMENT COMMENT '工作时间id',
  `ondutyTime` varchar(50) NOT NULL COMMENT '上班时间',
  `offdutyTime` varchar(50) NOT NULL COMMENT '下班时间',
  PRIMARY KEY (`worktimeId`)
) ENGINE=InnoDB DEFAULT CHARSET=utf8;
/*!40101 SET character_set_client = @saved_cs_client */;

--
-- Dumping data for table `worktime`
--

LOCK TABLES `worktime` WRITE;
/*!40000 ALTER TABLE `worktime` DISABLE KEYS */;
/*!40000 ALTER TABLE `worktime` ENABLE KEYS */;
UNLOCK TABLES;
/*!40103 SET TIME_ZONE=@OLD_TIME_ZONE */;

/*!40101 SET SQL_MODE=@OLD_SQL_MODE */;
/*!40014 SET FOREIGN_KEY_CHECKS=@OLD_FOREIGN_KEY_CHECKS */;
/*!40014 SET UNIQUE_CHECKS=@OLD_UNIQUE_CHECKS */;
/*!40101 SET CHARACTER_SET_CLIENT=@OLD_CHARACTER_SET_CLIENT */;
/*!40101 SET CHARACTER_SET_RESULTS=@OLD_CHARACTER_SET_RESULTS */;
/*!40101 SET COLLATION_CONNECTION=@OLD_COLLATION_CONNECTION */;
/*!40111 SET SQL_NOTES=@OLD_SQL_NOTES */;

-- Dump completed on 2019-10-02  0:31:33
